Year,Month,UnempRate,UnempNetChange,UnempGrowth,AdjParty,AdjPresidents,Party,Presidents,NPEmployment,NPENetChange,NPEmpGrowth
1948,1,3.4,0,-0.128205128,100,1,100,1,44682,-103,0.231050495
1948,2,3.8,0.4,0.117647059,100,1,100,1,44537,-145,-0.324515465
1948,3,4,0.2,0.052631579,100,1,100,1,44681,144,0.323326672
1948,4,3.9,-0.1,-0.025,100,1,100,1,44370,-311,-0.696045299
1948,5,3.5,-0.4,-0.102564103,100,1,100,1,44795,425,0.957854406
1948,6,3.6,0.1,0.028571429,100,1,100,1,45033,238,0.531309298
1948,7,3.6,0,0,100,1,100,1,45160,127,0.282015411
1948,8,3.9,0.3,0.083333333,100,1,100,1,45176,16,0.035429584
1948,9,3.8,-0.1,-0.025641026,100,1,100,1,45295,119,0.263414202
1948,10,3.7,-0.1,-0.026315789,100,1,100,1,45251,-44,-0.097140965
1948,11,3.8,0.1,0.027027027,100,1,100,1,45194,-57,-0.125964067
1948,12,4,0.2,0.052631579,100,1,100,1,45029,-165,-0.365092711
1949,1,4.3,0.3,0.075,100,1,100,1,44671,-358,-0.795043194
1949,2,4.7,0.4,0.093023256,100,1,100,1,44500,-171,-0.382798684
1949,3,5,0.3,0.063829787,100,1,100,1,44238,-262,-0.588764045
1949,4,5.3,0.3,0.06,100,1,100,1,44230,-8,-0.018084
1949,5,6.1,0.8,0.150943396,100,1,100,1,43982,-248,-0.560705404
1949,6,6.2,0.1,0.016393443,100,1,100,1,43739,-243,-0.552498749
1949,7,6.7,0.5,0.080645161,100,1,100,1,43529,-210,-0.480120716
1949,8,6.8,0.1,0.014925373,100,1,100,1,43622,93,0.21365067
1949,9,6.6,-0.2,-0.029411765,100,1,100,1,43784,162,0.371372243
1949,10,7.9,1.3,0.196969697,100,1,100,1,42950,-834,-1.904805408
1949,11,6.4,-1.5,-0.189873418,100,1,100,1,43245,295,0.686845169
1949,12,6.6,0.2,0.03125,100,1,100,1,43517,272,0.628974448
1950,1,6.5,-0.1,-0.015151515,100,1,100,1,43528,11,0.025277478
1950,2,6.4,-0.1,-0.015384615,100,1,100,1,43298,-230,-0.528395516
1950,3,6.3,-0.1,-0.015625,100,1,100,1,43952,654,1.510462377
1950,4,5.8,-0.5,-0.079365079,100,1,100,1,44376,424,0.964688751
1950,5,5.5,-0.3,-0.051724138,100,1,100,1,44718,342,0.770686858
1950,6,5.4,-0.1,-0.018181818,100,1,100,1,45084,366,0.818462364
1950,7,5,-0.4,-0.074074074,100,1,100,1,45454,370,0.820690267
1950,8,4.5,-0.5,-0.1,100,1,100,1,46188,734,1.614819378
1950,9,4.4,-0.1,-0.022222222,100,1,100,1,46442,254,0.549926388
1950,10,4.2,-0.2,-0.045454545,100,1,100,1,46712,270,0.581370311
1950,11,4.2,0,0,100,1,100,1,46778,66,0.141291317
1950,12,4.3,0.1,0.023809524,100,1,100,1,46855,77,0.164607294
1951,1,3.7,-0.6,-0.139534884,100,1,100,1,47288,433,0.924127628
1951,2,3.4,-0.3,-0.081081081,100,1,100,1,47577,289,0.611148706
1951,3,3.4,0,0,100,1,100,1,47871,294,0.617945646
1951,4,3.1,-0.3,-0.088235294,100,1,100,1,47856,-15,-0.031334211
1951,5,3,-0.1,-0.032258065,100,1,100,1,47953,97,0.202691408
1951,6,3.2,0.2,0.066666667,100,1,100,1,48068,115,0.239818155
1951,7,3.1,-0.1,-0.03125,100,1,100,1,48062,-6,-0.012482317
1951,8,3.1,0,0,100,1,100,1,48009,-53,-0.110274229
1951,9,3.3,0.2,0.064516129,100,1,100,1,47955,-54,-0.11247891
1951,10,3.5,0.2,0.060606061,100,1,100,1,48009,54,0.112605568
1951,11,3.5,0,0,100,1,100,1,48148,139,0.289529047
1951,12,3.1,-0.4,-0.114285714,100,1,100,1,48309,161,0.334385644
1952,1,3.2,0.1,0.032258065,100,1,100,1,48298,-11,-0.022770084
1952,2,3.1,-0.1,-0.03125,100,1,100,1,48522,224,0.46378732
1952,3,2.9,-0.2,-0.064516129,100,1,100,1,48504,-18,-0.037096575
1952,4,2.9,0,0,100,1,100,1,48616,112,0.230908791
1952,5,3,0.1,0.034482759,100,1,100,1,48645,29,0.059651144
1952,6,3,0,0,100,1,100,1,48286,-359,-0.737999794
1952,7,3.2,0.2,0.066666667,100,1,100,1,48144,-142,-0.2940811
1952,8,3.4,0.2,0.0625,100,1,100,1,48923,779,1.618062479
1952,9,3.1,-0.3,-0.088235294,100,1,100,1,49319,396,0.809435235
1952,10,3,-0.1,-0.032258065,100,1,100,1,49598,279,0.565704901
1952,11,2.8,-0.2,-0.066666667,100,1,100,1,49816,218,0.439533852
1952,12,2.7,-0.1,-0.035714286,100,1,100,1,50164,348,0.69857074
1953,1,2.9,0.2,0.074074074,100,1,100,1,50145,-19,-0.037875767
1953,2,2.6,-0.3,-0.103448276,100,1,200,2,50339,194,0.386878054
1953,3,2.6,0,0,100,1,200,2,50475,136,0.270168259
1953,4,2.7,0.1,0.038461538,100,1,200,2,50432,-43,-0.085190688
1953,5,2.5,-0.2,-0.074074074,100,1,200,2,50491,59,0.116989213
1953,6,2.5,0,0,100,1,200,2,50522,31,0.061397081
1953,7,2.6,0.1,0.04,200,2,200,2,50536,14,0.0277107
1953,8,2.7,0.1,0.038461538,200,2,200,2,50487,-49,-0.096960583
1953,9,2.9,0.2,0.074074074,200,2,200,2,50365,-122,-0.241646364
1953,10,3.1,0.2,0.068965517,200,2,200,2,50242,-123,-0.244217214
1953,11,3.5,0.4,0.129032258,200,2,200,2,49907,-335,-0.66677282
1953,12,4.5,1,0.285714286,200,2,200,2,49702,-205,-0.410764021
1954,1,4.9,0.4,0.088888889,200,2,200,2,49468,-234,-0.470806004
1954,2,5.2,0.3,0.06122449,200,2,200,2,49382,-86,-0.173849761
1954,3,5.7,0.5,0.096153846,200,2,200,2,49158,-224,-0.453606577
1954,4,5.9,0.2,0.035087719,200,2,200,2,49178,20,0.040685138
1954,5,5.9,0,0,200,2,200,2,48965,-213,-0.433120501
1954,6,5.6,-0.3,-0.050847458,200,2,200,2,48896,-69,-0.140916982
1954,7,5.8,0.2,0.035714286,200,2,200,2,48835,-61,-0.124754581
1954,8,6,0.2,0.034482759,200,2,200,2,48825,-10,-0.020477117
1954,9,6.1,0.1,0.016666667,200,2,200,2,48882,57,0.116743472
1954,10,5.7,-0.4,-0.06557377,200,2,200,2,48944,62,0.126836054
1954,11,5.3,-0.4,-0.070175439,200,2,200,2,49178,234,0.478097417
1954,12,5,-0.3,-0.056603774,200,2,200,2,49331,153,0.311114726
1955,1,4.9,-0.1,-0.02,200,2,200,2,49497,166,0.336502402
1955,2,4.7,-0.2,-0.040816327,200,2,200,2,49644,147,0.296987696
1955,3,4.6,-0.1,-0.021276596,200,2,200,2,49963,319,0.642575135
1955,4,4.7,0.1,0.02173913,200,2,200,2,50247,284,0.568420631
1955,5,4.3,-0.4,-0.085106383,200,2,200,2,50512,265,0.52739467
1955,6,4.2,-0.1,-0.023255814,200,2,200,2,50790,278,0.55036427
1955,7,4,-0.2,-0.047619048,200,2,200,2,50985,195,0.383933845
1955,8,4.2,0.2,0.05,200,2,200,2,51111,126,0.247131509
1955,9,4.1,-0.1,-0.023809524,200,2,200,2,51262,151,0.295435425
1955,10,4.3,0.2,0.048780488,200,2,200,2,51431,169,0.329678904
1955,11,4.2,-0.1,-0.023255814,200,2,200,2,51592,161,0.313040773
1955,12,4.2,0,0,200,2,200,2,51805,213,0.412854706
1956,1,4,-0.2,-0.047619048,200,2,200,2,51975,170,0.328153653
1956,2,3.9,-0.1,-0.025,200,2,200,2,52167,192,0.369408369
1956,3,4.2,0.3,0.076923077,200,2,200,2,52295,128,0.245365844
1956,4,4,-0.2,-0.047619048,200,2,200,2,52375,80,0.152978296
1956,5,4.3,0.3,0.075,200,2,200,2,52506,131,0.250119332
1956,6,4.3,0,0,200,2,200,2,52584,78,0.148554451
1956,7,4.4,0.1,0.023255814,200,2,200,2,51954,-630,-1.198083067
1956,8,4.1,-0.3,-0.068181818,200,2,200,2,52630,676,1.301151018
1956,9,3.9,-0.2,-0.048780488,200,2,200,2,52601,-29,-0.055101653
1956,10,3.9,0,0,200,2,200,2,52781,180,0.342198818
1956,11,4.3,0.4,0.102564103,200,2,200,2,52822,41,0.077679468
1956,12,4.2,-0.1,-0.023255814,200,2,200,2,52930,108,0.204460263
1957,1,4.2,0,0,200,2,200,2,52888,-42,-0.079350085
1957,2,3.9,-0.3,-0.071428571,200,2,200,2,53097,209,0.395174709
1957,3,3.7,-0.2,-0.051282051,200,2,200,2,53157,60,0.113000735
1957,4,3.9,0.2,0.054054054,200,2,200,2,53238,81,0.152378802
1957,5,4.1,0.2,0.051282051,200,2,200,2,53149,-89,-0.167173823
1957,6,4.3,0.2,0.048780488,200,2,200,2,53066,-83,-0.156164744
1957,7,4.2,-0.1,-0.023255814,200,2,200,2,53123,57,0.10741341
1957,8,4.1,-0.1,-0.023809524,200,2,200,2,53126,3,0.005647271
1957,9,4.4,0.3,0.073170732,200,2,200,2,52932,-194,-0.365169597
1957,10,4.5,0.1,0.022727273,200,2,200,2,52765,-167,-0.315499131
1957,11,5.1,0.6,0.133333333,200,2,200,2,52559,-206,-0.39041031
1957,12,5.2,0.1,0.019607843,200,2,200,2,52385,-174,-0.331056527
1958,1,5.8,0.6,0.115384615,200,2,200,2,52077,-308,-0.587954567
1958,2,6.4,0.6,0.103448276,200,2,200,2,51576,-501,-0.962036984
1958,3,6.7,0.3,0.046875,200,2,200,2,51300,-276,-0.53513262
1958,4,7.4,0.7,0.104477612,200,2,200,2,51027,-273,-0.532163743
1958,5,7.4,0,0,200,2,200,2,50913,-114,-0.223411135
1958,6,7.3,-0.1,-0.013513514,200,2,200,2,50912,-1,-0.001964135
1958,7,7.5,0.2,0.02739726,200,2,200,2,51037,125,0.245521684
1958,8,7.4,-0.1,-0.013333333,200,2,200,2,51231,194,0.380116386
1958,9,7.1,-0.3,-0.040540541,200,2,200,2,51506,275,0.536784369
1958,10,6.7,-0.4,-0.056338028,200,2,200,2,51486,-20,-0.038830428
1958,11,6.2,-0.5,-0.074626866,200,2,200,2,51944,458,0.889562211
1958,12,6.2,0,0,200,2,200,2,52088,144,0.277221623
1959,1,6,-0.2,-0.032258065,200,2,200,2,52480,392,0.752572569
1959,2,5.9,-0.1,-0.016666667,200,2,200,2,52687,207,0.394435976
1959,3,5.6,-0.3,-0.050847458,200,2,200,2,53016,329,0.624442462
1959,4,5.2,-0.4,-0.071428571,200,2,200,2,53320,304,0.5734118
1959,5,5.1,-0.1,-0.019230769,200,2,200,2,53549,229,0.429482371
1959,6,5,-0.1,-0.019607843,200,2,200,2,53679,130,0.242768306
1959,7,5.1,0.1,0.02,200,2,200,2,53803,124,0.231002813
1959,8,5.2,0.1,0.019607843,200,2,200,2,53334,-469,-0.871698604
1959,9,5.5,0.3,0.057692308,200,2,200,2,53429,95,0.178122773
1959,10,5.7,0.2,0.036363636,200,2,200,2,53359,-70,-0.131014992
1959,11,5.8,0.1,0.01754386,200,2,200,2,53635,276,0.517251073
1959,12,5.3,-0.5,-0.086206897,200,2,200,2,54175,540,1.006805258
1960,1,5.2,-0.1,-0.018867925,200,2,200,2,54274,99,0.182741117
1960,2,4.8,-0.4,-0.076923077,200,2,200,2,54513,239,0.440358183
1960,3,5.4,0.6,0.125,200,2,200,2,54458,-55,-0.100893365
1960,4,5.2,-0.2,-0.037037037,200,2,200,2,54812,354,0.650042234
1960,5,5.1,-0.1,-0.019230769,200,2,200,2,54473,-339,-0.618477706
1960,6,5.4,0.3,0.058823529,200,2,200,2,54347,-126,-0.231307253
1960,7,5.5,0.1,0.018518519,200,2,200,2,54304,-43,-0.079121203
1960,8,5.6,0.1,0.018181818,200,2,200,2,54271,-33,-0.060769004
1960,9,5.5,-0.1,-0.017857143,200,2,200,2,54228,-43,-0.079232002
1960,10,6.1,0.6,0.109090909,200,2,200,2,54144,-84,-0.154901527
1960,11,6.1,0,0,200,2,200,2,53962,-182,-0.336140662
1960,12,6.6,0.5,0.081967213,200,2,200,2,53744,-218,-0.403987992
1961,1,6.6,0,0,200,2,200,2,53683,-61,-0.113501042
1961,2,6.9,0.3,0.045454545,200,2,100,3,53556,-127,-0.236573962
1961,3,6.9,0,0,200,2,100,3,53662,106,0.197923669
1961,4,7,0.1,0.014492754,200,2,100,3,53626,-36,-0.067086579
1961,5,7.1,0.1,0.014285714,200,2,100,3,53785,159,0.296497967
1961,6,6.9,-0.2,-0.028169014,200,2,100,3,53977,192,0.356976852
1961,7,7,0.1,0.014492754,100,3,100,3,54123,146,0.270485577
1961,8,6.6,-0.4,-0.057142857,100,3,100,3,54298,175,0.323337583
1961,9,6.7,0.1,0.015151515,100,3,100,3,54388,90,0.165751961
1961,10,6.5,-0.2,-0.029850746,100,3,100,3,54522,134,0.246377877
1961,11,6.1,-0.4,-0.061538462,100,3,100,3,54743,221,0.405340963
1961,12,6,-0.1,-0.016393443,100,3,100,3,54871,128,0.233819849
1962,1,5.8,-0.2,-0.033333333,100,3,100,3,54891,20,0.036449126
1962,2,5.5,-0.3,-0.051724138,100,3,100,3,55187,296,0.539250515
1962,3,5.6,0.1,0.018181818,100,3,100,3,55276,89,0.161269864
1962,4,5.6,0,0,100,3,100,3,55602,326,0.589767711
1962,5,5.5,-0.1,-0.017857143,100,3,100,3,55627,25,0.044962411
1962,6,5.5,0,0,100,3,100,3,55644,17,0.030560699
1962,7,5.4,-0.1,-0.018181818,100,3,100,3,55746,102,0.183308173
1962,8,5.7,0.3,0.055555556,100,3,100,3,55838,92,0.165034263
1962,9,5.6,-0.1,-0.01754386,100,3,100,3,55977,139,0.248934417
1962,10,5.4,-0.2,-0.035714286,100,3,100,3,56041,64,0.114332672
1962,11,5.7,0.3,0.055555556,100,3,100,3,56056,15,0.026766118
1962,12,5.5,-0.2,-0.035087719,100,3,100,3,56028,-28,-0.04995005
1963,1,5.7,0.2,0.036363636,100,3,100,3,56116,88,0.157064325
1963,2,5.9,0.2,0.035087719,100,3,100,3,56230,114,0.203150617
1963,3,5.7,-0.2,-0.033898305,100,3,100,3,56322,92,0.163613729
1963,4,5.7,0,0,100,3,100,3,56580,258,0.458080324
1963,5,5.9,0.2,0.035087719,100,3,100,3,56616,36,0.063626723
1963,6,5.6,-0.3,-0.050847458,100,3,100,3,56658,42,0.074183976
1963,7,5.6,0,0,100,3,100,3,56794,136,0.240036711
1963,8,5.4,-0.2,-0.035714286,100,3,100,3,56910,116,0.204246927
1963,9,5.5,0.1,0.018518519,100,3,100,3,57077,167,0.293445792
1963,10,5.5,0,0,100,3,100,3,57284,207,0.362667975
1963,11,5.7,0.2,0.036363636,100,3,100,3,57255,-29,-0.050624956
1963,12,5.5,-0.2,-0.035087719,100,3,100,4,57360,105,0.183390097
1964,1,5.6,0.1,0.018181818,100,3,100,4,57487,127,0.221408647
1964,2,5.4,-0.2,-0.035714286,100,3,100,4,57751,264,0.459234262
1964,3,5.4,0,0,100,3,100,4,57898,147,0.254541047
1964,4,5.3,-0.1,-0.018518519,100,3,100,4,57922,24,0.041452209
1964,5,5.1,-0.2,-0.037735849,100,3,100,4,58089,167,0.288318774
1964,6,5.2,0.1,0.019607843,100,3,100,4,58221,132,0.227237515
1964,7,4.9,-0.3,-0.057692308,100,4,100,4,58413,192,0.329777915
1964,8,5,0.1,0.020408163,100,4,100,4,58619,206,0.352661223
1964,9,5.1,0.1,0.02,100,4,100,4,58903,284,0.484484553
1964,10,5.1,0,0,100,4,100,4,58794,-109,-0.185049997
1964,11,4.8,-0.3,-0.058823529,100,4,100,4,59217,423,0.71946117
1964,12,5,0.2,0.041666667,100,4,100,4,59421,204,0.344495668
1965,1,4.9,-0.1,-0.02,100,4,100,4,59583,162,0.272630888
1965,2,5.1,0.2,0.040816327,100,4,100,4,59800,217,0.364197842
1965,3,4.7,-0.4,-0.078431373,100,4,100,4,60003,203,0.339464883
1965,4,4.8,0.1,0.021276596,100,4,100,4,60259,256,0.426645334
1965,5,4.6,-0.2,-0.041666667,100,4,100,4,60492,233,0.386664233
1965,6,4.6,0,0,100,4,100,4,60690,198,0.327316009
1965,7,4.4,-0.2,-0.043478261,100,4,100,4,60963,273,0.44982699
1965,8,4.4,0,0,100,4,100,4,61228,265,0.434689894
1965,9,4.3,-0.1,-0.022727273,100,4,100,4,61490,262,0.4279088
1965,10,4.2,-0.1,-0.023255814,100,4,100,4,61718,228,0.370791999
1965,11,4.1,-0.1,-0.023809524,100,4,100,4,61997,279,0.452056126
1965,12,4,-0.1,-0.024390244,100,4,100,4,62321,324,0.522605933
1966,1,4,0,0,100,4,100,4,62528,207,0.332151281
1966,2,3.8,-0.2,-0.05,100,4,100,4,62796,268,0.428607984
1966,3,3.8,0,0,100,4,100,4,63192,396,0.630613415
1966,4,3.8,0,0,100,4,100,4,63436,244,0.386124826
1966,5,3.9,0.1,0.026315789,100,4,100,4,63711,275,0.433507787
1966,6,3.8,-0.1,-0.025641026,100,4,100,4,64110,399,0.62626548
1966,7,3.8,0,0,100,4,100,4,64301,191,0.297925441
1966,8,3.8,0,0,100,4,100,4,64507,206,0.320368268
1966,9,3.7,-0.1,-0.026315789,100,4,100,4,64644,137,0.212380052
1966,10,3.7,0,0,100,4,100,4,64854,210,0.324856135
1966,11,3.6,-0.1,-0.027027027,100,4,100,4,65019,165,0.254417615
1966,12,3.8,0.2,0.055555556,100,4,100,4,65200,181,0.278380166
1967,1,3.9,0.1,0.026315789,100,4,100,4,65407,207,0.317484663
1967,2,3.8,-0.1,-0.025641026,100,4,100,4,65428,21,0.032106655
1967,3,3.8,0,0,100,4,100,4,65530,102,0.155896558
1967,4,3.8,0,0,100,4,100,4,65467,-63,-0.096139173
1967,5,3.8,0,0,100,4,100,4,65619,152,0.232178044
1967,6,3.9,0.1,0.026315789,100,4,100,4,65750,131,0.1996373
1967,7,3.8,-0.1,-0.025641026,100,4,100,4,65887,137,0.208365019
1967,8,3.8,0,0,100,4,100,4,66142,255,0.387026272
1967,9,3.8,0,0,100,4,100,4,66164,22,0.03326177
1967,10,4,0.2,0.052631579,100,4,100,4,66225,61,0.092195151
1967,11,3.9,-0.1,-0.025,100,4,100,4,66703,478,0.721781804
1967,12,3.8,-0.1,-0.025641026,100,4,100,4,66900,197,0.29533904
1968,1,3.7,-0.1,-0.026315789,100,4,100,4,66805,-95,-0.14200299
1968,2,3.8,0.1,0.027027027,100,4,100,4,67215,410,0.613726517
1968,3,3.7,-0.1,-0.026315789,100,4,100,4,67295,80,0.119021052
1968,4,3.5,-0.2,-0.054054054,100,4,100,4,67555,260,0.38635857
1968,5,3.5,0,0,100,4,100,4,67653,98,0.145066982
1968,6,3.7,0.2,0.057142857,100,4,100,4,67904,251,0.371010894
1968,7,3.7,0,0,100,4,100,4,68125,221,0.325459472
1968,8,3.5,-0.2,-0.054054054,100,4,100,4,68328,203,0.297981651
1968,9,3.4,-0.1,-0.028571429,100,4,100,4,68487,159,0.232701089
1968,10,3.4,0,0,100,4,100,4,68720,233,0.340210551
1968,11,3.4,0,0,100,4,100,4,68985,265,0.385622817
1968,12,3.4,0,0,100,4,100,4,69246,261,0.378343118
1969,1,3.4,0,0,100,4,100,4,69438,192,0.277272333
1969,2,3.4,0,0,100,4,200,5,69700,262,0.377315015
1969,3,3.4,0,0,100,4,200,5,69905,205,0.294117647
1969,4,3.4,0,0,100,4,200,5,70072,167,0.238895644
1969,5,3.4,0,0,100,4,200,5,70328,256,0.365338509
1969,6,3.5,0.1,0.029411765,100,4,200,5,70636,308,0.437947901
1969,7,3.5,0,0,200,5,200,5,70729,93,0.131660909
1969,8,3.5,0,0,200,5,200,5,71006,277,0.39163568
1969,9,3.7,0.2,0.057142857,200,5,200,5,70917,-89,-0.12534152
1969,10,3.7,0,0,200,5,200,5,71120,203,0.286250123
1969,11,3.5,-0.2,-0.054054054,200,5,200,5,71087,-33,-0.04640045
1969,12,3.5,0,0,200,5,200,5,71240,153,0.215229226
1970,1,3.9,0.4,0.114285714,200,5,200,5,71176,-64,-0.08983717
1970,2,4.2,0.3,0.076923077,200,5,200,5,71304,128,0.1798359
1970,3,4.4,0.2,0.047619048,200,5,200,5,71452,148,0.207561988
1970,4,4.6,0.2,0.045454545,200,5,200,5,71348,-104,-0.145552259
1970,5,4.8,0.2,0.043478261,200,5,200,5,71123,-225,-0.315355721
1970,6,4.9,0.1,0.020833333,200,5,200,5,71029,-94,-0.132165404
1970,7,5,0.1,0.020408163,200,5,200,5,71053,24,0.033789016
1970,8,5.1,0.1,0.02,200,5,200,5,70933,-120,-0.168888013
1970,9,5.4,0.3,0.058823529,200,5,200,5,70948,15,0.021146716
1970,10,5.5,0.1,0.018518519,200,5,200,5,70519,-429,-0.604668208
1970,11,5.9,0.4,0.072727273,200,5,200,5,70409,-110,-0.15598633
1970,12,6.1,0.2,0.033898305,200,5,200,5,70790,381,0.541124004
1971,1,5.9,-0.2,-0.032786885,200,5,200,5,70866,76,0.107359797
1971,2,5.9,0,0,200,5,200,5,70806,-60,-0.084666836
1971,3,6,0.1,0.016949153,200,5,200,5,70859,53,0.074852414
1971,4,5.9,-0.1,-0.016666667,200,5,200,5,71037,178,0.251203093
1971,5,5.9,0,0,200,5,200,5,71247,210,0.295620592
1971,6,5.9,0,0,200,5,200,5,71253,6,0.008421407
1971,7,6,0.1,0.016949153,200,5,200,5,71315,62,0.08701388
1971,8,6.1,0.1,0.016666667,200,5,200,5,71370,55,0.077122625
1971,9,6,-0.1,-0.016393443,200,5,200,5,71617,247,0.346083789
1971,10,5.8,-0.2,-0.033333333,200,5,200,5,71642,25,0.034907913
1971,11,6,0.2,0.034482759,200,5,200,5,71846,204,0.284749169
1971,12,6,0,0,200,5,200,5,72108,262,0.364668875
1972,1,5.8,-0.2,-0.033333333,200,5,200,5,72445,337,0.467354524
1972,2,5.7,-0.1,-0.017241379,200,5,200,5,72652,207,0.285734005
1972,3,5.8,0.1,0.01754386,200,5,200,5,72945,293,0.403292408
1972,4,5.7,-0.1,-0.017241379,200,5,200,5,73163,218,0.298855302
1972,5,5.7,0,0,200,5,200,5,73467,304,0.415510572
1972,6,5.7,0,0,200,5,200,5,73760,293,0.398818517
1972,7,5.6,-0.1,-0.01754386,200,5,200,5,73708,-52,-0.070498915
1972,8,5.6,0,0,200,5,200,5,74138,430,0.583383079
1972,9,5.5,-0.1,-0.017857143,200,5,200,5,74263,125,0.168604494
1972,10,5.6,0.1,0.018181818,200,5,200,5,74673,410,0.55209189
1972,11,5.3,-0.3,-0.053571429,200,5,200,5,74967,294,0.393716604
1972,12,5.2,-0.1,-0.018867925,200,5,200,5,75270,303,0.404177838
1973,1,4.9,-0.3,-0.057692308,200,5,200,5,75621,351,0.466321244
1973,2,5,0.1,0.020408163,200,5,200,5,76017,396,0.523664062
1973,3,4.9,-0.1,-0.02,200,5,200,5,76285,268,0.352552718
1973,4,5,0.1,0.020408163,200,5,200,5,76455,170,0.222848529
1973,5,4.9,-0.1,-0.02,200,5,200,5,76646,191,0.249820156
1973,6,4.9,0,0,200,5,200,5,76887,241,0.314432586
1973,7,4.8,-0.1,-0.020408163,200,5,200,5,76911,24,0.03121464
1973,8,4.8,0,0,200,5,200,5,77166,255,0.331552054
1973,9,4.8,0,0,200,5,200,5,77276,110,0.142549828
1973,10,4.6,-0.2,-0.041666667,200,5,200,5,77606,330,0.427040737
1973,11,4.8,0.2,0.043478261,200,5,200,5,77912,306,0.39429941
1973,12,4.9,0.1,0.020833333,200,5,200,5,78035,123,0.157870418
1974,1,5.1,0.2,0.040816327,200,5,200,5,78104,69,0.088421862
1974,2,5.2,0.1,0.019607843,200,5,200,5,78254,150,0.192051623
1974,3,5.1,-0.1,-0.019230769,200,5,200,5,78296,42,0.053671378
1974,4,5.1,0,0,200,5,200,5,78382,86,0.109839583
1974,5,5.1,0,0,200,5,200,5,78547,165,0.210507514
1974,6,5.4,0.3,0.058823529,200,5,200,5,78602,55,0.07002177
1974,7,5.5,0.1,0.018518519,200,5,200,5,78635,33,0.041983665
1974,8,5.5,0,0,200,5,200,6,78619,-16,-0.020347174
1974,9,5.9,0.4,0.072727273,200,5,200,6,78611,-8,-0.010175657
1974,10,6,0.1,0.016949153,200,5,200,6,78629,18,0.022897559
1974,11,6.6,0.6,0.1,200,5,200,6,78261,-368,-0.468020705
1974,12,7.2,0.6,0.090909091,200,5,200,6,77657,-604,-0.771776491
1975,1,8.1,0.9,0.125,200,5,200,6,77297,-360,-0.463577012
1975,2,8.1,0,0,200,5,200,6,76919,-378,-0.48902286
1975,3,8.6,0.5,0.061728395,200,5,200,6,76649,-270,-0.351018604
1975,4,8.8,0.2,0.023255814,200,5,200,6,76461,-188,-0.245273911
1975,5,9,0.2,0.022727273,200,5,200,6,76623,162,0.211872719
1975,6,8.8,-0.2,-0.022222222,200,5,200,6,76520,-103,-0.13442439
1975,7,8.6,-0.2,-0.022727273,200,6,200,6,76769,249,0.325405123
1975,8,8.4,-0.2,-0.023255814,200,6,200,6,77155,386,0.502807123
1975,9,8.4,0,0,200,6,200,6,77230,75,0.097206921
1975,10,8.4,0,0,200,6,200,6,77535,305,0.394924252
1975,11,8.3,-0.1,-0.011904762,200,6,200,6,77680,145,0.187012317
1975,12,8.2,-0.1,-0.012048193,200,6,200,6,78018,338,0.435118435
1976,1,7.9,-0.3,-0.036585366,200,6,200,6,78506,488,0.62549668
1976,2,7.7,-0.2,-0.025316456,200,6,200,6,78817,311,0.396148065
1976,3,7.6,-0.1,-0.012987013,200,6,200,6,79049,232,0.294352741
1976,4,7.7,0.1,0.013157895,200,6,200,6,79292,243,0.307404268
1976,5,7.4,-0.3,-0.038961039,200,6,200,6,79311,19,0.023962064
1976,6,7.6,0.2,0.027027027,200,6,200,6,79376,65,0.081955845
1976,7,7.8,0.2,0.026315789,200,6,200,6,79547,171,0.215430357
1976,8,7.8,0,0,200,6,200,6,79704,157,0.197367594
1976,9,7.6,-0.2,-0.025641026,200,6,200,6,79892,188,0.235872729
1976,10,7.7,0.1,0.013157895,200,6,200,6,79905,13,0.016271967
1976,11,7.8,0.1,0.012987013,200,6,200,6,80237,332,0.415493398
1976,12,7.8,0,0,200,6,200,6,80448,211,0.262970949
1977,1,7.5,-0.3,-0.038461538,200,6,200,6,80692,244,0.303301512
1977,2,7.6,0.1,0.013333333,200,6,100,7,80988,296,0.366826947
1977,3,7.4,-0.2,-0.026315789,200,6,100,7,81391,403,0.497604583
1977,4,7.2,-0.2,-0.027027027,200,6,100,7,81729,338,0.415279331
1977,5,7,-0.2,-0.027777778,200,6,100,7,82089,360,0.440480123
1977,6,7.2,0.2,0.028571429,200,6,100,7,82488,399,0.486057815
1977,7,6.9,-0.3,-0.041666667,200,6,100,7,82836,348,0.421879546
1977,8,7,0.1,0.014492754,200,6,100,7,83074,238,0.287314694
1977,9,6.8,-0.2,-0.028571429,200,6,100,7,83532,458,0.551315694
1977,10,6.8,0,0,100,7,100,7,83794,262,0.313652253
1977,11,6.8,0,0,100,7,100,7,84173,379,0.452299687
1977,12,6.4,-0.4,-0.058823529,100,7,100,7,84408,235,0.279186913
1978,1,6.4,0,0,100,7,100,7,84595,187,0.221542982
1978,2,6.3,-0.1,-0.015625,100,7,100,7,84948,353,0.417282345
1978,3,6.3,0,0,100,7,100,7,85461,513,0.603898856
1978,4,6.1,-0.2,-0.031746032,100,7,100,7,86163,702,0.821427318
1978,5,6,-0.1,-0.016393443,100,7,100,7,86509,346,0.401564477
1978,6,5.9,-0.1,-0.016666667,100,7,100,7,86951,442,0.510929499
1978,7,6.2,0.3,0.050847458,100,7,100,7,87205,254,0.29211855
1978,8,5.9,-0.3,-0.048387097,100,7,100,7,87481,276,0.316495614
1978,9,6,0.1,0.016949153,100,7,100,7,87618,137,0.156605434
1978,10,5.8,-0.2,-0.033333333,100,7,100,7,87954,336,0.383482846
1978,11,5.9,0.1,0.017241379,100,7,100,7,88391,437,0.496850626
1978,12,6,0.1,0.016949153,100,7,100,7,88673,282,0.319037006
1979,1,5.9,-0.1,-0.016666667,100,7,100,7,88810,137,0.154500242
1979,2,5.9,0,0,100,7,100,7,89054,244,0.274743835
1979,3,5.8,-0.1,-0.016949153,100,7,100,7,89480,426,0.478361444
1979,4,5.8,0,0,100,7,100,7,89418,-62,-0.069289227
1979,5,5.6,-0.2,-0.034482759,100,7,100,7,89791,373,0.417141962
1979,6,5.7,0.1,0.017857143,100,7,100,7,90109,318,0.354155762
1979,7,5.7,0,0,100,7,100,7,90215,106,0.117635308
1979,8,6,0.3,0.052631579,100,7,100,7,90297,82,0.090893976
1979,9,5.9,-0.1,-0.016666667,100,7,100,7,90325,28,0.031008782
1979,10,6,0.1,0.016949153,100,7,100,7,90482,157,0.173816773
1979,11,5.9,-0.1,-0.016666667,100,7,100,7,90576,94,0.103888066
1979,12,6,0.1,0.016949153,100,7,100,7,90673,97,0.107092387
1980,1,6.3,0.3,0.05,100,7,100,7,90802,129,0.142269474
1980,2,6.3,0,0,100,7,100,7,90882,80,0.088103786
1980,3,6.3,0,0,100,7,100,7,90994,112,0.123236725
1980,4,6.9,0.6,0.095238095,100,7,100,7,90850,-144,-0.158252192
1980,5,7.5,0.6,0.086956522,100,7,100,7,90419,-431,-0.474408365
1980,6,7.6,0.1,0.013333333,100,7,100,7,90099,-320,-0.353907918
1980,7,7.8,0.2,0.026315789,100,7,100,7,89837,-262,-0.290791241
1980,8,7.7,-0.1,-0.012820513,100,7,100,7,90097,260,0.289413048
1980,9,7.5,-0.2,-0.025974026,100,7,100,7,90210,113,0.12542038
1980,10,7.5,0,0,100,7,100,7,90491,281,0.3114954
1980,11,7.5,0,0,100,7,100,7,90748,257,0.284006144
1980,12,7.2,-0.3,-0.04,100,7,100,7,90943,195,0.214880769
1981,1,7.5,0.3,0.041666667,100,7,100,7,91037,94,0.103361446
1981,2,7.4,-0.1,-0.013333333,100,7,200,8,91105,68,0.074694904
1981,3,7.4,0,0,100,7,200,8,91210,105,0.115251633
1981,4,7.2,-0.2,-0.027027027,100,7,200,8,91283,73,0.080035084
1981,5,7.5,0.3,0.041666667,100,7,200,8,91293,10,0.010954942
1981,6,7.5,0,0,100,7,200,8,91490,197,0.215788724
1981,7,7.2,-0.3,-0.04,100,7,200,8,91602,112,0.122417751
1981,8,7.4,0.2,0.027777778,100,7,200,8,91566,-36,-0.039300452
1981,9,7.6,0.2,0.027027027,100,7,200,8,91479,-87,-0.095013433
1981,10,7.9,0.3,0.039473684,200,8,200,8,91380,-99,-0.108221559
1981,11,8.3,0.4,0.050632911,200,8,200,8,91171,-209,-0.228715255
1981,12,8.5,0.2,0.024096386,200,8,200,8,90893,-278,-0.304921521
1982,1,8.6,0.1,0.011764706,200,8,200,8,90567,-326,-0.358663483
1982,2,8.9,0.3,0.034883721,200,8,200,8,90562,-5,-0.005520775
1982,3,9,0.1,0.011235955,200,8,200,8,90432,-130,-0.143548067
1982,4,9.3,0.3,0.033333333,200,8,200,8,90152,-280,-0.309624912
1982,5,9.4,0.1,0.010752688,200,8,200,8,90107,-45,-0.049915698
1982,6,9.6,0.2,0.021276596,200,8,200,8,89864,-243,-0.269679381
1982,7,9.8,0.2,0.020833333,200,8,200,8,89522,-342,-0.380575091
1982,8,9.8,0,0,200,8,200,8,89364,-158,-0.176492929
1982,9,10.1,0.3,0.030612245,200,8,200,8,89183,-181,-0.202542411
1982,10,10.4,0.3,0.02970297,200,8,200,8,88906,-277,-0.310597311
1982,11,10.8,0.4,0.038461538,200,8,200,8,88783,-123,-0.138348368
1982,12,10.8,0,0,200,8,200,8,88769,-14,-0.015768785
1983,1,10.4,-0.4,-0.037037037,200,8,200,8,88993,224,0.252340344
1983,2,10.4,0,0,200,8,200,8,88918,-75,-0.084276291
1983,3,10.3,-0.1,-0.009615385,200,8,200,8,89090,172,0.193436649
1983,4,10.2,-0.1,-0.009708738,200,8,200,8,89366,276,0.30979908
1983,5,10.1,-0.1,-0.009803922,200,8,200,8,89643,277,0.309961283
1983,6,10.1,0,0,200,8,200,8,90022,379,0.422788171
1983,7,9.4,-0.7,-0.069306931,200,8,200,8,90440,418,0.464330941
1983,8,9.5,0.1,0.010638298,200,8,200,8,90132,-308,-0.340557276
1983,9,9.2,-0.3,-0.031578947,200,8,200,8,91247,1115,1.237074513
1983,10,8.8,-0.4,-0.043478261,200,8,200,8,91518,271,0.296996066
1983,11,8.5,-0.3,-0.034090909,200,8,200,8,91871,353,0.385716471
1983,12,8.3,-0.2,-0.023529412,200,8,200,8,92227,356,0.387499864
1984,1,8,-0.3,-0.036144578,200,8,200,8,92673,446,0.483589404
1984,2,7.8,-0.2,-0.025,200,8,200,8,93154,481,0.519029275
1984,3,7.8,0,0,200,8,200,8,93429,275,0.295210082
1984,4,7.7,-0.1,-0.012820513,200,8,200,8,93792,363,0.388530328
1984,5,7.4,-0.3,-0.038961039,200,8,200,8,94100,308,0.328386216
1984,6,7.2,-0.2,-0.027027027,200,8,200,8,94479,379,0.402763018
1984,7,7.5,0.3,0.041666667,200,8,200,8,94792,313,0.331290551
1984,8,7.5,0,0,200,8,200,8,95034,242,0.255295806
1984,9,7.3,-0.2,-0.026666667,200,8,200,8,95344,310,0.326199045
1984,10,7.4,0.1,0.01369863,200,8,200,8,95630,286,0.299966437
1984,11,7.2,-0.2,-0.027027027,200,8,200,8,95979,349,0.364948238
1984,12,7.3,0.1,0.013888889,200,8,200,8,96107,128,0.133362506
1985,1,7.3,0,0,200,8,200,8,96373,266,0.276774845
1985,2,7.2,-0.1,-0.01369863,200,8,200,8,96497,124,0.128666743
1985,3,7.2,0,0,200,8,200,8,96843,346,0.35856037
1985,4,7.3,0.1,0.013888889,200,8,200,8,97039,196,0.202389434
1985,5,7.2,-0.1,-0.01369863,200,8,200,8,97313,274,0.2823607
1985,6,7.4,0.2,0.027777778,200,8,200,8,97459,146,0.150031342
1985,7,7.4,0,0,200,8,200,8,97649,190,0.194953775
1985,8,7.1,-0.3,-0.040540541,200,8,200,8,97842,193,0.197646673
1985,9,7.1,0,0,200,8,200,8,98045,203,0.207477361
1985,10,7.1,0,0,200,8,200,8,98233,188,0.191748687
1985,11,7,-0.1,-0.014084507,200,8,200,8,98442,209,0.21275946
1985,12,7,0,0,200,8,200,8,98609,167,0.169643039
1986,1,6.7,-0.3,-0.042857143,200,8,200,8,98734,125,0.126763277
1986,2,7.2,0.5,0.074626866,200,8,200,8,98841,107,0.108371989
1986,3,7.2,0,0,200,8,200,8,98935,94,0.095102235
1986,4,7.1,-0.1,-0.013888889,200,8,200,8,99122,187,0.189012988
1986,5,7.2,0.1,0.014084507,200,8,200,8,99249,127,0.128124937
1986,6,7.2,0,0,200,8,200,8,99155,-94,-0.094711282
1986,7,7,-0.2,-0.027777778,200,8,200,8,99473,318,0.320709999
1986,8,6.9,-0.1,-0.014285714,200,8,200,8,99587,114,0.114603963
1986,9,7,0.1,0.014492754,200,8,200,8,99934,347,0.348439053
1986,10,7,0,0,200,8,200,8,100120,186,0.186122841
1986,11,6.9,-0.1,-0.014285714,200,8,200,8,100306,186,0.185777068
1986,12,6.6,-0.3,-0.043478261,200,8,200,8,100511,205,0.204374614
1987,1,6.6,0,0,200,8,200,8,100683,172,0.171125548
1987,2,6.6,0,0,200,8,200,8,100915,232,0.230426189
1987,3,6.6,0,0,200,8,200,8,101164,249,0.246742308
1987,4,6.3,-0.3,-0.045454545,200,8,200,8,101502,338,0.334110949
1987,5,6.3,0,0,200,8,200,8,101728,226,0.222655711
1987,6,6.2,-0.1,-0.015873016,200,8,200,8,101900,172,0.169078327
1987,7,6.1,-0.1,-0.016129032,200,8,200,8,102247,347,0.340529931
1987,8,6,-0.1,-0.016393443,200,8,200,8,102418,171,0.167242071
1987,9,5.9,-0.1,-0.016666667,200,8,200,8,102646,228,0.222617118
1987,10,6,0.1,0.016949153,200,8,200,8,103138,492,0.479317265
1987,11,5.8,-0.2,-0.033333333,200,8,200,8,103370,232,0.224941341
1987,12,5.7,-0.1,-0.017241379,200,8,200,8,103664,294,0.284415208
1988,1,5.7,0,0,200,8,200,8,103758,94,0.090677574
1988,2,5.7,0,0,200,8,200,8,104211,453,0.436592841
1988,3,5.7,0,0,200,8,200,8,104487,276,0.264847281
1988,4,5.4,-0.3,-0.052631579,200,8,200,8,104732,245,0.23447893
1988,5,5.6,0.2,0.037037037,200,8,200,8,104961,229,0.218653325
1988,6,5.4,-0.2,-0.035714286,200,8,200,8,105324,363,0.345842742
1988,7,5.4,0,0,200,8,200,8,105546,222,0.21077817
1988,8,5.6,0.2,0.037037037,200,8,200,8,105670,124,0.11748432
1988,9,5.4,-0.2,-0.035714286,200,8,200,8,106009,339,0.320810069
1988,10,5.4,0,0,200,8,200,8,106277,268,0.252808724
1988,11,5.3,-0.1,-0.018518519,200,8,200,8,106616,339,0.318977766
1988,12,5.3,0,0,200,8,200,8,106906,290,0.272004202
1989,1,5.4,0.1,0.018867925,200,8,200,8,107168,262,0.245075113
1989,2,5.2,-0.2,-0.037037037,200,8,200,9,107426,258,0.240743506
1989,3,5,-0.2,-0.038461538,200,8,200,9,107619,193,0.179658556
1989,4,5.2,0.2,0.04,200,8,200,9,107792,173,0.160752284
1989,5,5.2,0,0,200,8,200,9,107910,118,0.109470091
1989,6,5.3,0.1,0.019230769,200,8,200,9,108026,116,0.107496988
1989,7,5.2,-0.1,-0.018867925,200,8,200,9,108066,40,0.037028123
1989,8,5.2,0,0,200,8,200,9,108115,49,0.045342661
1989,9,5.3,0.1,0.019230769,200,8,200,9,108365,250,0.231235259
1989,10,5.3,0,0,200,9,200,9,108476,111,0.102431597
1989,11,5.4,0.1,0.018867925,200,9,200,9,108753,277,0.255356023
1989,12,5.4,0,0,200,9,200,9,108849,96,0.088273427
1990,1,5.4,0,0,200,9,200,9,109184,335,0.307765804
1990,2,5.3,-0.1,-0.018518519,200,9,200,9,109433,249,0.228055393
1990,3,5.2,-0.1,-0.018867925,200,9,200,9,109647,214,0.195553444
1990,4,5.4,0.2,0.038461538,200,9,200,9,109687,40,0.036480706
1990,5,5.4,0,0,200,9,200,9,109838,151,0.137664445
1990,6,5.2,-0.2,-0.037037037,200,9,200,9,109862,24,0.021850361
1990,7,5.5,0.3,0.057692308,200,9,200,9,109830,-32,-0.029127451
1990,8,5.7,0.2,0.036363636,200,9,200,9,109614,-216,-0.196667577
1990,9,5.9,0.2,0.035087719,200,9,200,9,109525,-89,-0.081194008
1990,10,5.9,0,0,200,9,200,9,109366,-159,-0.145172335
1990,11,6.2,0.3,0.050847458,200,9,200,9,109216,-150,-0.137154143
1990,12,6.3,0.1,0.016129032,200,9,200,9,109160,-56,-0.051274539
1991,1,6.4,0.1,0.015873016,200,9,200,9,109040,-120,-0.109930377
1991,2,6.6,0.2,0.03125,200,9,200,9,108735,-305,-0.279713866
1991,3,6.8,0.2,0.03030303,200,9,200,9,108577,-158,-0.145307399
1991,4,6.7,-0.1,-0.014705882,200,9,200,9,108366,-211,-0.194332133
1991,5,6.9,0.2,0.029850746,200,9,200,9,108241,-125,-0.115349833
1991,6,6.9,0,0,200,9,200,9,108338,97,0.089614841
1991,7,6.8,-0.1,-0.014492754,200,9,200,9,108298,-40,-0.036921486
1991,8,6.9,0.1,0.014705882,200,9,200,9,108308,10,0.009233781
1991,9,6.9,0,0,200,9,200,9,108340,32,0.029545371
1991,10,7,0.1,0.014492754,200,9,200,9,108357,17,0.015691342
1991,11,7,0,0,200,9,200,9,108299,-58,-0.053526768
1991,12,7.3,0.3,0.042857143,200,9,200,9,108325,26,0.024007609
1992,1,7.3,0,0,200,9,200,9,108377,52,0.048003693
1992,2,7.4,0.1,0.01369863,200,9,200,9,108314,-63,-0.058130415
1992,3,7.4,0,0,200,9,200,9,108368,54,0.049855051
1992,4,7.4,0,0,200,9,200,9,108527,159,0.14672228
1992,5,7.6,0.2,0.027027027,200,9,200,9,108653,126,0.116100141
1992,6,7.8,0.2,0.026315789,200,9,200,9,108721,68,0.062584558
1992,7,7.7,-0.1,-0.012820513,200,9,200,9,108792,71,0.065304771
1992,8,7.6,-0.1,-0.012987013,200,9,200,9,108930,138,0.126847562
1992,9,7.6,0,0,200,9,200,9,108966,36,0.033048747
1992,10,7.3,-0.3,-0.039473684,200,9,200,9,109148,182,0.167024576
1992,11,7.4,0.1,0.01369863,200,9,200,9,109284,136,0.124601459
1992,12,7.4,0,0,200,9,200,9,109496,212,0.193989971
1993,1,7.3,-0.1,-0.013513514,200,9,200,9,109805,309,0.28220209
1993,2,7.1,-0.2,-0.02739726,200,9,100,10,110047,242,0.220390693
1993,3,7,-0.1,-0.014084507,200,9,100,10,109998,-49,-0.04452643
1993,4,7.1,0.1,0.014285714,200,9,100,10,110306,308,0.280005091
1993,5,7.1,0,0,200,9,100,10,110572,266,0.241147354
1993,6,7,-0.1,-0.014084507,200,9,100,10,110754,182,0.164598633
1993,7,6.9,-0.1,-0.014285714,200,9,100,10,111055,301,0.27177348
1993,8,6.8,-0.1,-0.014492754,200,9,100,10,111211,156,0.140470938
1993,9,6.7,-0.1,-0.014705882,200,9,100,10,111451,240,0.21580599
1993,10,6.8,0.1,0.014925373,100,10,100,10,111737,286,0.256615015
1993,11,6.6,-0.2,-0.029411765,100,10,100,10,112000,263,0.235374137
1993,12,6.5,-0.1,-0.015151515,100,10,100,10,112312,312,0.278571429
1994,1,6.6,0.1,0.015384615,100,10,100,10,112583,271,0.241292115
1994,2,6.6,0,0,100,10,100,10,112783,200,0.177646714
1994,3,6.5,-0.1,-0.015151515,100,10,100,10,113248,465,0.412296179
1994,4,6.4,-0.1,-0.015384615,100,10,100,10,113598,350,0.309056231
1994,5,6.1,-0.3,-0.046875,100,10,100,10,113931,333,0.293138964
1994,6,6.1,0,0,100,10,100,10,114246,315,0.276483135
1994,7,6.1,0,0,100,10,100,10,114619,373,0.326488455
1994,8,6,-0.1,-0.016393443,100,10,100,10,114901,282,0.246032508
1994,9,5.9,-0.1,-0.016666667,100,10,100,10,115254,353,0.307220999
1994,10,5.8,-0.1,-0.016949153,100,10,100,10,115467,213,0.184809204
1994,11,5.6,-0.2,-0.034482759,100,10,100,10,115887,420,0.363740289
1994,12,5.5,-0.1,-0.017857143,100,10,100,10,116164,277,0.239025948
1995,1,5.6,0.1,0.018181818,100,10,100,10,116488,324,0.278916015
1995,2,5.4,-0.2,-0.035714286,100,10,100,10,116692,204,0.175125335
1995,3,5.4,0,0,100,10,100,10,116913,221,0.189387447
1995,4,5.8,0.4,0.074074074,100,10,100,10,117075,162,0.138564574
1995,5,5.6,-0.2,-0.034482759,100,10,100,10,117060,-15,-0.0128123
1995,6,5.6,0,0,100,10,100,10,117294,234,0.199897488
1995,7,5.7,0.1,0.017857143,100,10,100,10,117390,96,0.081845619
1995,8,5.7,0,0,100,10,100,10,117643,253,0.215520913
1995,9,5.6,-0.1,-0.01754386,100,10,100,10,117887,244,0.207407156
1995,10,5.5,-0.1,-0.017857143,100,10,100,10,118040,153,0.129785303
1995,11,5.6,0.1,0.018181818,100,10,100,10,118189,149,0.126228397
1995,12,5.6,0,0,100,10,100,10,118322,133,0.112531623
1996,1,5.6,0,0,100,10,100,10,118303,-19,-0.016057876
1996,2,5.5,-0.1,-0.017857143,100,10,100,10,118735,432,0.365164028
1996,3,5.5,0,0,100,10,100,10,119002,267,0.22487051
1996,4,5.6,0.1,0.018181818,100,10,100,10,119165,163,0.136972488
1996,5,5.6,0,0,100,10,100,10,119487,322,0.270213569
1996,6,5.3,-0.3,-0.053571429,100,10,100,10,119774,287,0.240193494
1996,7,5.5,0.2,0.037735849,100,10,100,10,120023,249,0.207891529
1996,8,5.1,-0.4,-0.072727273,100,10,100,10,120202,179,0.149138082
1996,9,5.2,0.1,0.019607843,100,10,100,10,120427,225,0.187184905
1996,10,5.2,0,0,100,10,100,10,120677,250,0.207594642
1996,11,5.4,0.2,0.038461538,100,10,100,10,120976,299,0.247768837
1996,12,5.4,0,0,100,10,100,10,121147,171,0.14135035
1997,1,5.3,-0.1,-0.018518519,100,10,100,10,121381,234,0.193153772
1997,2,5.2,-0.1,-0.018867925,100,10,100,10,121684,303,0.249627207
1997,3,5.2,0,0,100,10,100,10,122000,316,0.259689031
1997,4,5.1,-0.1,-0.019230769,100,10,100,10,122292,292,0.239344262
1997,5,4.9,-0.2,-0.039215686,100,10,100,10,122552,260,0.212605894
1997,6,5,0.1,0.020408163,100,10,100,10,122818,266,0.217050721
1997,7,4.9,-0.1,-0.02,100,10,100,10,123124,306,0.249149148
1997,8,4.8,-0.1,-0.020408163,100,10,100,10,123093,-31,-0.025177869
1997,9,4.9,0.1,0.020833333,100,10,100,10,123605,512,0.415945667
1997,10,4.7,-0.2,-0.040816327,100,10,100,10,123945,340,0.275069779
1997,11,4.6,-0.1,-0.021276596,100,10,100,10,124251,306,0.246883698
1997,12,4.7,0.1,0.02173913,100,10,100,10,124554,303,0.243861216
1998,1,4.6,-0.1,-0.021276596,100,10,100,10,124830,276,0.221590635
1998,2,4.6,0,0,100,10,100,10,125026,196,0.157013538
1998,3,4.7,0.1,0.02173913,100,10,100,10,125177,151,0.120774879
1998,4,4.3,-0.4,-0.085106383,100,10,100,10,125457,280,0.223683264
1998,5,4.4,0.1,0.023255814,100,10,100,10,125861,404,0.322022685
1998,6,4.5,0.1,0.022727273,100,10,100,10,126080,219,0.174001478
1998,7,4.5,0,0,100,10,100,10,126209,129,0.10231599
1998,8,4.5,0,0,100,10,100,10,126551,342,0.27097909
1998,9,4.6,0.1,0.022222222,100,10,100,10,126774,223,0.176213542
1998,10,4.5,-0.1,-0.02173913,100,10,100,10,126973,199,0.15697225
1998,11,4.4,-0.1,-0.022222222,100,10,100,10,127255,282,0.222094461
1998,12,4.4,0,0,100,10,100,10,127601,346,0.271895014
1999,1,4.3,-0.1,-0.022727273,100,10,100,10,127727,126,0.098745308
1999,2,4.4,0.1,0.023255814,100,10,100,10,128137,410,0.320997127
1999,3,4.2,-0.2,-0.045454545,100,10,100,10,128244,107,0.083504374
1999,4,4.3,0.1,0.023809524,100,10,100,10,128620,376,0.293191104
1999,5,4.2,-0.1,-0.023255814,100,10,100,10,128831,211,0.164049137
1999,6,4.3,0.1,0.023809524,100,10,100,10,129091,260,0.201814781
1999,7,4.3,0,0,100,10,100,10,129417,326,0.252535033
1999,8,4.2,-0.1,-0.023255814,100,10,100,10,129577,160,0.123631362
1999,9,4.2,0,0,100,10,100,10,129791,214,0.165152766
1999,10,4.1,-0.1,-0.023809524,100,10,100,10,130191,400,0.308187779
1999,11,4.1,0,0,100,10,100,10,130484,293,0.225053959
1999,12,4,-0.1,-0.024390244,100,10,100,10,130780,296,0.226847736
2000,1,4,0,0,100,10,100,10,131010,230,0.17586787
2000,2,4.1,0.1,0.025,100,10,100,10,131140,130,0.099229066
2000,3,4,-0.1,-0.024390244,100,10,100,10,131608,468,0.35687052
2000,4,3.8,-0.2,-0.05,100,10,100,10,131895,287,0.21807185
2000,5,4,0.2,0.052631579,100,10,100,10,132122,227,0.1721066
2000,6,4,0,0,100,10,100,10,132075,-47,-0.035573182
2000,7,4,0,0,100,10,100,10,132251,176,0.133257619
2000,8,4.1,0.1,0.025,100,10,100,10,132241,-10,-0.007561379
2000,9,3.9,-0.2,-0.048780488,100,10,100,10,132377,136,0.102842537
2000,10,3.9,0,0,100,10,100,10,132363,-14,-0.010575855
2000,11,3.9,0,0,100,10,100,10,132589,226,0.170742579
2000,12,3.9,0,0,100,10,100,10,132731,142,0.107097874
2001,1,4.2,0.3,0.076923077,100,10,100,10,132705,-26,-0.019588491
2001,2,4.2,0,0,100,10,200,11,132777,72,0.05425568
2001,3,4.3,0.1,0.023809524,100,10,200,11,132752,-25,-0.018828562
2001,4,4.4,0.1,0.023255814,100,10,200,11,132471,-281,-0.211672894
2001,5,4.3,-0.1,-0.022727273,100,10,200,11,132433,-38,-0.028685524
2001,6,4.5,0.2,0.046511628,100,10,200,11,132302,-131,-0.098917943
2001,7,4.6,0.1,0.022222222,100,10,200,11,132190,-112,-0.084654805
2001,8,4.9,0.3,0.065217391,100,10,200,11,132033,-157,-0.118768439
2001,9,5,0.1,0.020408163,100,10,200,11,131793,-240,-0.181772739
2001,10,5.3,0.3,0.06,200,11,200,11,131468,-325,-0.246598833
2001,11,5.5,0.2,0.037735849,200,11,200,11,131175,-293,-0.222867922
2001,12,5.7,0.2,0.036363636,200,11,200,11,131005,-170,-0.129597865
2002,1,5.7,0,0,200,11,200,11,130867,-138,-0.105339491
2002,2,5.7,0,0,200,11,200,11,130733,-134,-0.102394034
2002,3,5.7,0,0,200,11,200,11,130713,-20,-0.015298356
2002,4,5.9,0.2,0.035087719,200,11,200,11,130634,-79,-0.060437753
2002,5,5.8,-0.1,-0.016949153,200,11,200,11,130627,-7,-0.005358482
2002,6,5.8,0,0,200,11,200,11,130684,57,0.043635696
2002,7,5.8,0,0,200,11,200,11,130599,-85,-0.065042392
2002,8,5.7,-0.1,-0.017241379,200,11,200,11,130585,-14,-0.010719837
2002,9,5.7,0,0,200,11,200,11,130526,-59,-0.0451813
2002,10,5.7,0,0,200,11,200,11,130652,126,0.096532492
2002,11,5.9,0.2,0.035087719,200,11,200,11,130662,10,0.00765392
2002,12,6,0.1,0.016949153,200,11,200,11,130505,-157,-0.120157353
2003,1,5.8,-0.2,-0.033333333,200,11,200,11,130597,92,0.070495383
2003,2,5.9,0.1,0.017241379,200,11,200,11,130447,-150,-0.114857156
2003,3,5.9,0,0,200,11,200,11,130238,-209,-0.160218326
2003,4,6,0.1,0.016949153,200,11,200,11,130194,-44,-0.033784303
2003,5,6.1,0.1,0.016666667,200,11,200,11,130186,-8,-0.006144676
2003,6,6.3,0.2,0.032786885,200,11,200,11,130195,9,0.006913186
2003,7,6.2,-0.1,-0.015873016,200,11,200,11,130219,24,0.018433888
2003,8,6.1,-0.1,-0.016129032,200,11,200,11,130177,-42,-0.032253358
2003,9,6.1,0,0,200,11,200,11,130281,104,0.079891225
2003,10,6,-0.1,-0.016393443,200,11,200,11,130479,198,0.151979183
2003,11,5.8,-0.2,-0.033333333,200,11,200,11,130496,17,0.013028917
2003,12,5.7,-0.1,-0.017241379,200,11,200,11,130618,122,0.093489456
2004,1,5.7,0,0,200,11,200,11,130780,162,0.124025785
2004,2,5.6,-0.1,-0.01754386,200,11,200,11,130826,46,0.035173574
2004,3,5.8,0.2,0.035714286,200,11,200,11,131158,332,0.253772186
2004,4,5.6,-0.2,-0.034482759,200,11,200,11,131407,249,0.18984736
2004,5,5.6,0,0,200,11,200,11,131715,308,0.234386296
2004,6,5.6,0,0,200,11,200,11,131791,76,0.057700338
2004,7,5.5,-0.1,-0.017857143,200,11,200,11,131835,44,0.033386195
2004,8,5.4,-0.1,-0.018181818,200,11,200,11,131956,121,0.091781393
2004,9,5.4,0,0,200,11,200,11,132120,164,0.124283852
2004,10,5.5,0.1,0.018518519,200,11,200,11,132466,346,0.261883137
2004,11,5.4,-0.1,-0.018181818,200,11,200,11,132530,64,0.048314284
2004,12,5.4,0,0,200,11,200,11,132660,130,0.098090998
2005,1,5.3,-0.1,-0.018518519,200,11,200,11,132794,134,0.101010101
2005,2,5.4,0.1,0.018867925,200,11,200,11,133033,239,0.179978011
2005,3,5.2,-0.2,-0.037037037,200,11,200,11,133169,136,0.102230274
2005,4,5.2,0,0,200,11,200,11,133534,365,0.274087813
2005,5,5.1,-0.1,-0.019230769,200,11,200,11,133708,174,0.130303893
2005,6,5,-0.1,-0.019607843,200,11,200,11,133955,247,0.184730906
2005,7,5,0,0,200,11,200,11,134331,376,0.280691277
2005,8,4.9,-0.1,-0.02,200,11,200,11,134525,194,0.144419382
2005,9,5,0.1,0.020408163,200,11,200,11,134593,68,0.050548225
2005,10,5,0,0,200,11,200,11,134678,85,0.063153359
2005,11,5,0,0,200,11,200,11,135015,337,0.250226466
2005,12,4.9,-0.1,-0.02,200,11,200,11,135174,159,0.117764693
2006,1,4.7,-0.2,-0.040816327,200,11,200,11,135452,278,0.205660852
2006,2,4.8,0.1,0.021276596,200,11,200,11,135768,316,0.233292975
2006,3,4.7,-0.1,-0.020833333,200,11,200,11,136049,281,0.206970715
2006,4,4.7,0,0,200,11,200,11,136232,183,0.13451036
2006,5,4.6,-0.1,-0.021276596,200,11,200,11,136255,23,0.016882964
2006,6,4.6,0,0,200,11,200,11,136337,82,0.060181278
2006,7,4.7,0.1,0.02173913,200,11,200,11,136544,207,0.151829657
2006,8,4.7,0,0,200,11,200,11,136725,181,0.132558003
2006,9,4.5,-0.2,-0.042553191,200,11,200,11,136883,158,0.115560432
2006,10,4.4,-0.1,-0.022222222,200,11,200,11,136887,4,0.002922204
2006,11,4.5,0.1,0.022727273,200,11,200,11,137095,208,0.151950149
2006,12,4.4,-0.1,-0.022222222,200,11,200,11,137266,171,0.124731026
2007,1,4.6,0.2,0.045454545,200,11,200,11,137506,240,0.174843006
2007,2,4.5,-0.1,-0.02173913,200,11,200,11,137596,90,0.065451689
2007,3,4.4,-0.1,-0.022222222,200,11,200,11,137785,189,0.137358644
2007,4,4.5,0.1,0.022727273,200,11,200,11,137864,79,0.057335704
2007,5,4.4,-0.1,-0.022222222,200,11,200,11,138007,143,0.103725411
2007,6,4.6,0.2,0.045454545,200,11,200,11,138085,78,0.056518872
2007,7,4.7,0.1,0.02173913,200,11,200,11,138052,-33,-0.023898323
2007,8,4.6,-0.1,-0.021276596,200,11,200,11,138028,-24,-0.017384754
2007,9,4.7,0.1,0.02173913,200,11,200,11,138116,88,0.06375518
2007,10,4.7,0,0,200,11,200,11,138201,85,0.061542472
2007,11,4.7,0,0,200,11,200,11,138316,115,0.083212133
2007,12,5,0.3,0.063829787,200,11,200,11,138413,97,0.070129269
2008,1,5,0,0,200,11,200,11,138432,19,0.013727034
2008,2,4.9,-0.1,-0.02,200,11,200,11,138346,-86,-0.062124364
2008,3,5.1,0.2,0.040816327,200,11,200,11,138268,-78,-0.05638038
2008,4,5,-0.1,-0.019607843,200,11,200,11,138058,-210,-0.15187896
2008,5,5.4,0.4,0.08,200,11,200,11,137873,-185,-0.134001651
2008,6,5.6,0.2,0.037037037,200,11,200,11,137708,-165,-0.119675353
2008,7,5.8,0.2,0.035714286,200,11,200,11,137499,-209,-0.151770413
2008,8,6.1,0.3,0.051724138,200,11,200,11,137233,-266,-0.193455952
2008,9,6.1,0,0,200,11,200,11,136781,-452,-0.329366843
2008,10,6.5,0.4,0.06557377,200,11,200,11,136308,-473,-0.345808263
2008,11,6.8,0.3,0.046153846,200,11,200,11,135539,-769,-0.564163512
2008,12,7.3,0.5,0.073529412,200,11,200,11,134844,-695,-0.512767543
2009,1,7.8,0.5,0.068493151,200,11,200,11,134053,-791,-0.586603779
2009,2,8.3,0.5,0.064102564,200,11,100,12,133350,-703,-0.524419446
2009,3,8.7,0.4,0.048192771,200,11,100,12,132527,-823,-0.617172853
2009,4,9,0.3,0.034482759,200,11,100,12,131841,-686,-0.51763037
2009,5,9.4,0.4,0.044444444,200,11,100,12,131490,-351,-0.266229777
2009,6,9.5,0.1,0.010638298,200,11,100,12,131020,-470,-0.357441631
2009,7,9.5,0,0,200,11,100,12,130691,-329,-0.251106701
2009,8,9.6,0.1,0.010526316,200,11,100,12,130479,-212,-0.16221469
2009,9,9.8,0.2,0.020833333,200,11,100,12,130260,-219,-0.167843101
2009,10,10,0.2,0.020408163,100,12,100,12,130060,-200,-0.153539076
2009,11,9.9,-0.1,-0.01,100,12,100,12,130053,-7,-0.005382131
2009,12,9.9,0,0,100,12,100,12,129774,-279,-0.214527923
2010,1,9.8,-0.1,-0.01010101,100,12,100,12,129802,28,0.021575971
2010,2,9.8,0,0,100,12,100,12,129733,-69,-0.053157887
2010,3,9.9,0.1,0.010204082,100,12,100,12,129896,163,0.125642666
2010,4,9.9,0,0,100,12,100,12,130139,243,0.187072735
2010,5,9.6,-0.3,-0.03030303,100,12,100,12,130661,522,0.401109583
2010,6,9.4,-0.2,-0.020833333,100,12,100,12,130528,-133,-0.101790129
2010,7,9.4,0,0,100,12,100,12,130458,-70,-0.05362834
2010,8,9.5,0.1,0.010638298,100,12,100,12,130424,-34,-0.026062028
2010,9,9.5,0,0,100,12,100,12,130372,-52,-0.039869963
2010,10,9.4,-0.1,-0.010526316,100,12,100,12,130629,257,0.197128218
2010,11,9.8,0.4,0.042553191,100,12,100,12,130752,123,0.094159796
2010,12,9.3,-0.5,-0.051020408,100,12,100,12,130840,88,0.067302986
2011,1,9.1,-0.2,-0.021505376,100,12,100,12,130882,42,0.032100275
2011,2,9,-0.1,-0.010989011,100,12,100,12,131070,188,0.143640837
2011,3,9,0,0,100,12,100,12,131295,225,0.171663996
2011,4,9.1,0.1,0.011111111,100,12,100,12,131641,346,0.263528695
2011,5,9,-0.1,-0.010989011,100,12,100,12,131714,73,0.055453848
2011,6,9.1,0.1,0.011111111,100,12,100,12,131949,235,0.178416873
2011,7,9,-0.1,-0.010989011,100,12,100,12,132019,70,0.0530508
2011,8,9,0,0,100,12,100,12,132126,107,0.08104894
2011,9,9,0,0,100,12,100,12,132372,246,0.186185913
2011,10,8.8,-0.2,-0.022222222,100,12,100,12,132574,202,0.152600248
2011,11,8.6,-0.2,-0.022727273,100,12,100,12,132720,146,0.110127174
2011,12,8.5,-0.1,-0.011627907,100,12,100,12,132927,207,0.15596745
2012,1,8.3,-0.2,-0.023529412,100,12,100,12,133265,338,0.254274903
2012,2,8.3,0,0,100,12,100,12,133522,257,0.192848835
2012,3,8.2,-0.1,-0.012048193,100,12,100,12,133761,239,0.17899672
2012,4,8.2,0,0,100,12,100,12,133836,75,0.056070155
2012,5,8.2,0,0,100,12,100,12,133951,115,0.085926059
2012,6,8.2,0,0,100,12,100,12,134038,87,0.064949123
2012,7,8.2,0,0,100,12,100,12,134181,143,0.106686164
2012,8,8.1,-0.1,-0.012195122,100,12,100,12,134371,190,0.141599779
2012,9,7.8,-0.3,-0.037037037,100,12,100,12,134552,181,0.134701684
2012,10,7.8,0,0,100,12,100,12,134684,132,0.098103336
2012,11,7.7,-0.1,-0.012820513,100,12,100,12,134833,149,0.110629325
2012,12,7.9,0.2,0.025974026,100,12,100,12,135076,243,0.180222942
2013,1,8,0.1,0.012658228,100,12,100,12,135266,190,0.140661553
2013,2,7.7,-0.3,-0.0375,100,12,100,12,135577,311,0.229917348
2013,3,7.5,-0.2,-0.025974026,100,12,100,12,135712,135,0.099574412
2013,4,7.6,0.1,0.013333333,100,12,100,12,135904,192,0.141476067
2013,5,7.5,-0.1,-0.013157895,100,12,100,12,136122,218,0.160407346
2013,6,7.5,0,0,100,12,100,12,136268,146,0.107256726
2013,7,7.3,-0.2,-0.026666667,100,12,100,12,136408,140,0.102738721
2013,8,7.3,0,0,100,12,100,12,136677,269,0.19720251
2013,9,7.3,0,0,100,12,100,12,136862,185,0.135355619
2013,10,7.2,-0.1,-0.01369863,100,12,100,12,137051,189,0.138095308
2013,11,6.9,-0.3,-0.041666667,100,12,100,12,137342,291,0.212329717
2013,12,6.7,-0.2,-0.028985507,100,12,100,12,137387,45,0.032764923
2014,1,6.6,-0.1,-0.014925373,100,12,100,12,137574,187,0.136111859
2014,2,6.7,0.1,0.015151515,100,12,100,12,137742,168,0.122116098
2014,3,6.7,0,0,100,12,100,12,138014,272,0.197470634
2014,4,6.2,-0.5,-0.074626866,100,12,100,12,138324,310,0.224614894
2014,5,6.2,0,0,100,12,100,12,138537,213,0.153986293
2014,6,6.1,-0.1,-0.016129032,100,12,100,12,138843,306,0.220879621
2014,7,6.2,0.1,0.016393443,100,12,100,12,139075,232,0.167095208
2014,8,6.2,0,0,100,12,100,12,139293,218,0.156749955
2014,9,6,-0.2,-0.032258065,100,12,100,12,139579,286,0.205322593
2014,10,5.7,-0.3,-0.05,100,12,100,12,139779,200,0.14328803
2014,11,5.8,0.1,0.01754386,100,12,100,12,140110,331,0.236802381
2014,12,5.6,-0.2,-0.034482759,100,12,100,12,140402,292,0.20840768
2015,1,5.7,0.1,0.017857143,100,12,100,12,140623,221,0.157405165
2015,2,5.5,-0.2,-0.035087719,100,12,100,12,140888,265,0.188447125
2015,3,5.5,0,0,100,12,100,12,140972,84,0.059621827
2015,4,5.4,-0.1,-0.018181818,100,12,100,12,141223,251,0.178049542
2015,5,5.5,0.1,0.018518519,100,12,100,12,141496,273,0.193311288
2015,6,5.3,-0.2,-0.036363636,100,12,100,12,141724,228,0.161135297
2015,7,5.3,0,0,100,12,100,12,142001,277,0.195450312
2015,8,5.1,-0.2,-0.037735849,100,12,100,12,142151,150,0.105633059
2015,9,5.1,0,0,100,12,100,12,142300,149,0.104818116
2015,10,5,-0.1,-0.019607843,100,12,100,12,142595,295,0.207308503
2015,11,5,0,0,100,12,100,12,142875,280,0.196360321
2015,12,5,0,0,100,12,100,12,143146,271,0.18967629
2016,1,4.9,-0.1,-0.02,100,12,100,12,143314,168,0.117362693
2016,2,4.9,0,0,100,12,100,12,143547,233,0.162580069
2016,3,5,0.1,0.020408163,100,12,100,12,143733,186,0.129574286
2016,4,5,0,0,100,12,100,12,143877,144,0.100185761
2016,5,4.7,-0.3,-0.06,100,12,100,12,143901,24,0.016680915
2016,6,4.9,0.2,0.042553191,100,12,100,12,144172,271,0.188323917
2016,7,4.9,0,0,100,12,100,12,144424,252,0.174791222
2016,8,4.9,0,0,100,12,100,12,144600,176,0.121863402
2016,9,5,0.1,0.020408163,100,12,100,12,144808,208,0.14384509
2016,10,4.9,-0.1,-0.02,100,12,100,12,144950,142,0.098060881
2016,11,4.6,-0.3,-0.06122449,100,12,100,12,145128,178,0.122800966
